age,cholesterol,bp,max_hr,target
30,287,86,159,0
33,223,83,130,1
33,191,178,126,1
69,281,120,148,0
39,196,140,139,0
49,258,113,145,0
51,153,108,114,0
66,181,148,123,0
53,159,106,108,1
36,288,176,187,0
54,177,131,168,0
54,211,153,97,1
42,235,133,143,1
31,247,149,136,0
68,194,113,123,0
69,184,87,171,0
53,238,174,119,0
54,183,152,102,0
47,283,164,136,0
67,186,87,122,0
55,150,147,124,0
43,184,165,177,0
38,276,171,115,0
39,230,147,136,0
50,286,164,142,0
46,279,151,154,0
35,262,163,166,1
45,185,175,163,0
30,270,80,108,1
48,241,85,94,0
65,266,171,97,0
54,186,110,93,0
59,175,153,138,0
49,217,163,166,0
49,253,87,127,0
44,185,101,138,0
69,264,172,172,0
62,180,88,141,0
31,179,123,139,1
39,183,126,161,0
62,296,80,180,0
61,167,131,139,0
40,234,118,119,0
53,152,169,93,0
65,219,154,164,0
41,251,178,174,0
58,290,167,155,0
64,194,176,110,0
30,267,163,170,0
30,216,106,132,0
66,261,158,118,0
35,241,112,116,0
68,235,150,177,0
47,189,177,142,0
45,295,124,138,0
34,168,139,156,0
61,242,137,99,0
31,193,130,92,0
31,233,125,179,0
69,191,84,180,1
65,243,137,158,1
68,299,173,100,0
41,239,171,102,0
48,223,97,187,0
57,178,115,127,0
30,255,146,129,0
44,278,100,122,0
65,213,125,123,0
42,166,137,116,0
50,256,159,189,0
41,244,116,179,0
34,174,142,140,0
36,266,84,178,0
34,201,157,172,0
33,286,110,110,0
42,241,167,184,0
66,243,178,118,0
44,273,115,162,0
45,237,153,108,1
50,297,170,115,0
65,222,135,114,0
53,237,106,129,0
45,163,102,118,0
43,208,156,114,0
51,231,159,108,0
35,270,178,157,0
65,266,170,134,0
30,214,131,173,0
61,175,126,135,0
35,182,160,144,0
60,164,141,90,0
30,178,140,100,0
66,170,127,157,0
64,218,80,96,0
59,172,90,181,0
33,272,155,189,0
64,233,93,147,0
43,285,151,160,1
69,211,174,109,0
51,291,86,124,0
39,155,125,140,0
30,150,110,110,0
40,286,95,133,0
53,289,121,90,0
32,154,118,156,0
64,242,133,187,0
65,176,123,102,0
60,224,162,105,0
33,202,87,123,0
48,201,172,113,0
65,255,145,102,0
50,168,121,95,0
47,267,146,128,0
57,184,172,91,0
44,201,158,100,0
31,208,171,96,1
66,205,111,96,0
40,168,173,128,0
52,237,130,165,0
41,220,126,175,0
32,203,173,140,1
46,198,113,141,0
62,244,92,92,0
30,209,176,166,1
68,230,160,119,0
49,274,146,99,1
43,208,152,162,0
60,256,90,95,0
54,194,170,143,0
32,163,107,155,1
33,271,136,133,0
60,220,145,169,0
64,188,144,152,0
43,286,149,166,0
38,163,168,137,0
49,285,114,166,0
61,172,159,111,0
38,229,83,108,0
56,158,140,179,0
32,156,117,103,0
33,210,123,184,1
44,294,163,182,0
62,206,168,175,0
34,264,150,96,0
33,174,100,138,0
41,154,86,130,0
52,250,108,116,0
43,199,86,120,0
41,237,146,95,0
46,180,172,105,0
54,204,172,153,0
59,170,149,127,0
51,247,153,149,0
55,251,134,185,0
46,179,157,186,0
49,265,101,170,0
63,203,111,122,0
62,269,161,152,0
66,236,115,100,1
36,157,88,102,0
51,255,105,183,0
61,287,101,154,0
43,278,125,119,0
37,233,166,180,0
54,270,96,112,0
45,298,105,109,0
48,267,117,95,0
45,153,81,126,0
41,276,85,173,0
68,192,150,95,0
59,215,92,182,0
31,170,170,166,0
61,186,154,116,0
54,218,134,173,0
54,262,158,102,0
33,288,142,97,0
48,254,152,142,1
33,241,151,170,0
42,193,125,119,0
68,213,85,90,0
65,298,127,177,0
52,159,139,169,0
35,241,122,164,0
53,261,147,93,0
62,233,90,151,0
41,226,137,157,0
50,168,171,106,0
40,263,169,163,0
67,224,83,174,0
58,281,158,146,0
32,290,162,152,0
57,208,149,146,0
49,279,138,138,0
55,263,84,107,0
53,278,97,147,0
50,189,149,99,0
59,174,143,152,0
33,186,174,169,0
65,249,104,168,0
69,219,83,123,0
